<?xml version="1.0" encoding="UTF-8" ?>
<!DOCTYPE mapper PUBLIC "-//mybatis.org//DTD Mapper 3.0//EN" "http://mybatis.org/dtd/mybatis-3-mapper.dtd" >
<mapper namespace="com.fwx.dao.ClothesMapper" >
  <resultMap id="BaseResultMap" type="com.fwx.domain.Clothes" >
    <id column="id" property="id" jdbcType="CHAR" />
    <result column="sex" property="sex" jdbcType="CHAR" />
    <result column="style" property="style" jdbcType="CHAR" />
    <result column="size" property="size" jdbcType="CHAR" />
    <result column="price" property="price" jdbcType="INTEGER" />
    <result column="usename" property="usename" jdbcType="CHAR" />
    <result column="count" property="count" jdbcType="INTEGER" />
  </resultMap>
  <sql id="Example_Where_Clause" >
    <where >
      <foreach collection="oredCriteria" item="criteria" separator="or" >
        <if test="criteria.valid" >
          <trim prefix="(" suffix=")" prefixOverrides="and" >
            <foreach collection="criteria.criteria" item="criterion" >
              <choose >
                <when test="criterion.noValue" >
                  and ${criterion.condition}
                </when>
                <when test="criterion.singleValue" >
                  and ${criterion.condition} #{criterion.value}
                </when>
                <when test="criterion.betweenValue" >
                  and ${criterion.condition} #{criterion.value} and #{criterion.secondValue}
                </when>
                <when test="criterion.listValue" >
                  and ${criterion.condition}
                  <foreach collection="criterion.value" item="listItem" open="(" close=")" separator="," >
                    #{listItem}
                  </foreach>
                </when>
              </choose>
            </foreach>
          </trim>
        </if>
      </foreach>
    </where>
  </sql>
  <sql id="Update_By_Example_Where_Clause" >
    <where >
      <foreach collection="example.oredCriteria" item="criteria" separator="or" >
        <if test="criteria.valid" >
          <trim prefix="(" suffix=")" prefixOverrides="and" >
            <foreach collection="criteria.criteria" item="criterion" >
              <choose >
                <when test="criterion.noValue" >
                  and ${criterion.condition}
                </when>
                <when test="criterion.singleValue" >
                  and ${criterion.condition} #{criterion.value}
                </when>
                <when test="criterion.betweenValue" >
                  and ${criterion.condition} #{criterion.value} and #{criterion.secondValue}
                </when>
                <when test="criterion.listValue" >
                  and ${criterion.condition}
                  <foreach collection="criterion.value" item="listItem" open="(" close=")" separator="," >
                    #{listItem}
                  </foreach>
                </when>
              </choose>
            </foreach>
          </trim>
        </if>
      </foreach>
    </where>
  </sql>
  <sql id="Base_Column_List" >
    id, sex, style, size, price, usename
  </sql>
  <select id="selectByExample" resultMap="BaseResultMap" parameterType="com.fwx.domain.ClothesExample" >
    select
    <if test="distinct" >
      distinct
    </if>
    <include refid="Base_Column_List" />
    from clothes
    <if test="_parameter != null" >
      <include refid="Example_Where_Clause" />
    </if>
    <if test="orderByClause != null" >
      order by ${orderByClause}
    </if>
  </select>
  <select id="selectByPrimaryKey" resultMap="BaseResultMap" parameterType="java.lang.String" >
    select 
    <include refid="Base_Column_List" />
    from clothes
    where id = #{id,jdbcType=CHAR}
  </select>
  <delete id="deleteByPrimaryKey" parameterType="java.lang.String" >
    delete from clothes
    where id = #{id,jdbcType=CHAR}
  </delete>
  <delete id="deleteByExample" parameterType="com.fwx.domain.ClothesExample" >
    delete from clothes
    <if test="_parameter != null" >
      <include refid="Example_Where_Clause" />
    </if>
  </delete>
  <insert id="insert" parameterType="com.fwx.domain.Clothes" >
    insert into clothes (id, sex, style, size, 
      price, usename)
    values (#{id,jdbcType=CHAR}, #{sex,jdbcType=CHAR}, #{style,jdbcType=CHAR}, #{size,jdbcType=CHAR}, 
      #{price,jdbcType=INTEGER}, #{usename,jdbcType=CHAR})
  </insert>
  <insert id="insertSelective" parameterType="com.fwx.domain.Clothes" >
    insert into clothes
    <trim prefix="(" suffix=")" suffixOverrides="," >
      <if test="id != null" >
        id,
      </if>
      <if test="sex != null" >
        sex,
      </if>
      <if test="style != null" >
        style,
      </if>
      <if test="size != null" >
        size,
      </if>
      <if test="price != null" >
        price,
      </if>
      <if test="usename != null" >
        usename,
      </if>
    </trim>
    <trim prefix="values (" suffix=")" suffixOverrides="," >
      <if test="id != null" >
        #{id,jdbcType=CHAR},
      </if>
      <if test="sex != null" >
        #{sex,jdbcType=CHAR},
      </if>
      <if test="style != null" >
        #{style,jdbcType=CHAR},
      </if>
      <if test="size != null" >
        #{size,jdbcType=CHAR},
      </if>
      <if test="price != null" >
        #{price,jdbcType=INTEGER},
      </if>
      <if test="usename != null" >
        #{usename,jdbcType=CHAR},
      </if>
    </trim>
  </insert>
  <select id="countByExample" parameterType="com.fwx.domain.ClothesExample" resultType="java.lang.Integer" >
    select count(*) from clothes
    <if test="_parameter != null" >
      <include refid="Example_Where_Clause" />
    </if>
  </select>
  <update id="updateByExampleSelective" parameterType="map" >
    update clothes
    <set >
      <if test="record.id != null" >
        id = #{record.id,jdbcType=CHAR},
      </if>
      <if test="record.sex != null" >
        sex = #{record.sex,jdbcType=CHAR},
      </if>
      <if test="record.style != null" >
        style = #{record.style,jdbcType=CHAR},
      </if>
      <if test="record.size != null" >
        size = #{record.size,jdbcType=CHAR},
      </if>
      <if test="record.price != null" >
        price = #{record.price,jdbcType=INTEGER},
      </if>
      <if test="record.usename != null" >
        usename = #{record.usename,jdbcType=CHAR},
      </if>
    </set>
    <if test="_parameter != null" >
      <include refid="Update_By_Example_Where_Clause" />
    </if>
  </update>
  <update id="updateByExample" parameterType="map" >
    update clothes
    set id = #{record.id,jdbcType=CHAR},
      sex = #{record.sex,jdbcType=CHAR},
      style = #{record.style,jdbcType=CHAR},
      size = #{record.size,jdbcType=CHAR},
      price = #{record.price,jdbcType=INTEGER},
      usename = #{record.usename,jdbcType=CHAR}
    <if test="_parameter != null" >
      <include refid="Update_By_Example_Where_Clause" />
    </if>
  </update>
  <update id="updateByPrimaryKeySelective" parameterType="com.fwx.domain.Clothes" >
    update clothes
    <set >
      <if test="sex != null" >
        sex = #{sex,jdbcType=CHAR},
      </if>
      <if test="style != null" >
        style = #{style,jdbcType=CHAR},
      </if>
      <if test="size != null" >
        size = #{size,jdbcType=CHAR},
      </if>
      <if test="price != null" >
        price = #{price,jdbcType=INTEGER},
      </if>
      <if test="usename != null" >
        usename = #{usename,jdbcType=CHAR},
      </if>
    </set>
    where id = #{id,jdbcType=CHAR}
  </update>
  <update id="updateByPrimaryKey" parameterType="com.fwx.domain.Clothes" >
    update clothes
    set sex = #{sex,jdbcType=CHAR},
      style = #{style,jdbcType=CHAR},
      size = #{size,jdbcType=CHAR},
      price = #{price,jdbcType=INTEGER},
      usename = #{usename,jdbcType=CHAR}
    where id = #{id,jdbcType=CHAR}
  </update>
   <insert id="addClothes" parameterType="java.util.List">
	INSERT INTO clothes (id, sex,style,size,price) VALUES
	<foreach collection="list" item="user" index="index" separator=","  >
	(#{user.id}, #{user.sex}, #{user.style}, #{user.size}, #{user.price})
	</foreach>
 </insert>
 <select id="selClothes" resultMap="BaseResultMap">
	 SELECT
		*, COUNT(style) AS count
	FROM
		`clothes`
		where usename is null
	GROUP BY
		style
	ORDER BY style
 </select>
</mapper>