<?xml version="1.0" encoding="UTF-8" ?>
<!DOCTYPE mapper PUBLIC "-//mybatis.org//DTD Mapper 3.0//EN" "http://mybatis.org/dtd/mybatis-3-mapper.dtd" >
<mapper namespace="com.fwx.dao.CustomerMapper" >
  <resultMap id="BaseResultMap" type="com.fwx.domain.Customer" >
    <id column="id" property="id" jdbcType="CHAR" />
    <result column="name" property="name" jdbcType="CHAR" />
    <result column="phone" property="phone" jdbcType="VARCHAR" />
    <result column="is_vip" property="isVip" jdbcType="CHAR" />
    <result column="del_flag" property="delFlag" jdbcType="CHAR" />
    <result column="create_time" property="createTime" jdbcType="DATE" />
  </resultMap>
  <sql id="Example_Where_Clause" >
    <where >
      <foreach collection="oredCriteria" item="criteria" separator="or" >
        <if test="criteria.valid" >
          <trim prefix="(" suffix=")" prefixOverrides="and" >
            <foreach collection="criteria.criteria" item="criterion" >
              <choose >
                <when test="criterion.noValue" >
                  and ${criterion.condition}
                </when>
                <when test="criterion.singleValue" >
                  and ${criterion.condition} #{criterion.value}
                </when>
                <when test="criterion.betweenValue" >
                  and ${criterion.condition} #{criterion.value} and #{criterion.secondValue}
                </when>
                <when test="criterion.listValue" >
                  and ${criterion.condition}
                  <foreach collection="criterion.value" item="listItem" open="(" close=")" separator="," >
                    #{listItem}
                  </foreach>
                </when>
              </choose>
            </foreach>
          </trim>
        </if>
      </foreach>
    </where>
  </sql>
  <sql id="Update_By_Example_Where_Clause" >
    <where >
      <foreach collection="example.oredCriteria" item="criteria" separator="or" >
        <if test="criteria.valid" >
          <trim prefix="(" suffix=")" prefixOverrides="and" >
            <foreach collection="criteria.criteria" item="criterion" >
              <choose >
                <when test="criterion.noValue" >
                  and ${criterion.condition}
                </when>
                <when test="criterion.singleValue" >
                  and ${criterion.condition} #{criterion.value}
                </when>
                <when test="criterion.betweenValue" >
                  and ${criterion.condition} #{criterion.value} and #{criterion.secondValue}
                </when>
                <when test="criterion.listValue" >
                  and ${criterion.condition}
                  <foreach collection="criterion.value" item="listItem" open="(" close=")" separator="," >
                    #{listItem}
                  </foreach>
                </when>
              </choose>
            </foreach>
          </trim>
        </if>
      </foreach>
    </where>
  </sql>
  <sql id="Base_Column_List" >
    id, name, phone, is_vip, del_flag, create_time
  </sql>
  <select id="selectByExample" resultMap="BaseResultMap" parameterType="com.fwx.domain.CustomerExample" >
    select
    <if test="distinct" >
      distinct
    </if>
    <include refid="Base_Column_List" />
    from customer
    <if test="_parameter != null" >
      <include refid="Example_Where_Clause" />
    </if>
    <if test="orderByClause != null" >
      order by ${orderByClause}
    </if>
  </select>
  <select id="selectByPrimaryKey" resultMap="BaseResultMap" parameterType="java.lang.String" >
    select 
    <include refid="Base_Column_List" />
    from customer
    where id = #{id,jdbcType=CHAR}
  </select>
  <delete id="deleteByPrimaryKey" parameterType="java.lang.String" >
    delete from customer
    where id = #{id,jdbcType=CHAR}
  </delete>
  <delete id="deleteByExample" parameterType="com.fwx.domain.CustomerExample" >
    delete from customer
    <if test="_parameter != null" >
      <include refid="Example_Where_Clause" />
    </if>
  </delete>
  <insert id="insert" parameterType="com.fwx.domain.Customer" >
    insert into customer (id, name, phone, is_vip, 
      del_flag, create_time)
    values (#{id,jdbcType=CHAR}, #{name,jdbcType=CHAR}, #{phone,jdbcType=VARCHAR}, #{isVip,jdbcType=CHAR}, 
      #{delFlag,jdbcType=CHAR}, #{createTime,jdbcType=DATE})
  </insert>
  <insert id="insertSelective" parameterType="com.fwx.domain.Customer" >
    insert into customer
    <trim prefix="(" suffix=")" suffixOverrides="," >
      <if test="id != null" >
        id,
      </if>
      <if test="name != null" >
        name,
      </if>
      <if test="phone != null" >
        phone,
      </if>
      <if test="isVip != null" >
        is_vip,
      </if>
      <if test="delFlag != null" >
        del_flag,
      </if>
      <if test="createTime != null" >
        create_time,
      </if>
    </trim>
    <trim prefix="values (" suffix=")" suffixOverrides="," >
      <if test="id != null" >
        #{id,jdbcType=CHAR},
      </if>
      <if test="name != null" >
        #{name,jdbcType=CHAR},
      </if>
      <if test="phone != null" >
        #{phone,jdbcType=VARCHAR},
      </if>
      <if test="isVip != null" >
        #{isVip,jdbcType=CHAR},
      </if>
      <if test="delFlag != null" >
        #{delFlag,jdbcType=CHAR},
      </if>
      <if test="createTime != null" >
        #{createTime,jdbcType=DATE},
      </if>
    </trim>
  </insert>
  <select id="countByExample" parameterType="com.fwx.domain.CustomerExample" resultType="java.lang.Integer" >
    select count(*) from customer
    <if test="_parameter != null" >
      <include refid="Example_Where_Clause" />
    </if>
  </select>
  <update id="updateByExampleSelective" parameterType="map" >
    update customer
    <set >
      <if test="record.id != null" >
        id = #{record.id,jdbcType=CHAR},
      </if>
      <if test="record.name != null" >
        name = #{record.name,jdbcType=CHAR},
      </if>
      <if test="record.phone != null" >
        phone = #{record.phone,jdbcType=VARCHAR},
      </if>
      <if test="record.isVip != null" >
        is_vip = #{record.isVip,jdbcType=CHAR},
      </if>
      <if test="record.delFlag != null" >
        del_flag = #{record.delFlag,jdbcType=CHAR},
      </if>
      <if test="record.createTime != null" >
        create_time = #{record.createTime,jdbcType=DATE},
      </if>
    </set>
    <if test="_parameter != null" >
      <include refid="Update_By_Example_Where_Clause" />
    </if>
  </update>
  <update id="updateByExample" parameterType="map" >
    update customer
    set id = #{record.id,jdbcType=CHAR},
      name = #{record.name,jdbcType=CHAR},
      phone = #{record.phone,jdbcType=VARCHAR},
      is_vip = #{record.isVip,jdbcType=CHAR},
      del_flag = #{record.delFlag,jdbcType=CHAR},
      create_time = #{record.createTime,jdbcType=DATE}
    <if test="_parameter != null" >
      <include refid="Update_By_Example_Where_Clause" />
    </if>
  </update>
  <update id="updateByPrimaryKeySelective" parameterType="com.fwx.domain.Customer" >
    update customer
    <set >
      <if test="name != null" >
        name = #{name,jdbcType=CHAR},
      </if>
      <if test="phone != null" >
        phone = #{phone,jdbcType=VARCHAR},
      </if>
      <if test="isVip != null" >
        is_vip = #{isVip,jdbcType=CHAR},
      </if>
      <if test="delFlag != null" >
        del_flag = #{delFlag,jdbcType=CHAR},
      </if>
      <if test="createTime != null" >
        create_time = #{createTime,jdbcType=DATE},
      </if>
    </set>
    where id = #{id,jdbcType=CHAR}
  </update>
  <update id="updateByPrimaryKey" parameterType="com.fwx.domain.Customer" >
    update customer
    set name = #{name,jdbcType=CHAR},
      phone = #{phone,jdbcType=VARCHAR},
      is_vip = #{isVip,jdbcType=CHAR},
      del_flag = #{delFlag,jdbcType=CHAR},
      create_time = #{createTime,jdbcType=DATE}
    where id = #{id,jdbcType=CHAR}
  </update>
   <select id="selCustomer" resultMap="BaseResultMap" >
    select * from customer
    order by name
  </select>
   <select id="searchCustomer" resultMap="BaseResultMap" parameterType="java.lang.String" >
    select 
    <include refid="Base_Column_List" />
    from customer
    where name like concat("%",#{name,jdbcType=CHAR},"%")
    order by name 
  </select>
</mapper>