<?xml version="1.0" encoding="UTF-8" ?>
<!DOCTYPE mapper PUBLIC "-//mybatis.org//DTD Mapper 3.0//EN" "http://mybatis.org/dtd/mybatis-3-mapper.dtd" >
<mapper namespace="com.fwx.dao.DeviceMapper" >
  <resultMap id="BaseResultMap" type="com.fwx.domain.Device" >
    <id column="id" property="id" jdbcType="CHAR" />
    <result column="device_name" property="deviceName" jdbcType="CHAR" />
    <result column="device_no" property="deviceNo" jdbcType="CHAR" />
    <result column="device_status" property="deviceStatus" jdbcType="CHAR" />
    <result column="device_price" property="devicePrice" jdbcType="INTEGER" />
  </resultMap>
  <sql id="Example_Where_Clause" >
    <where >
      <foreach collection="oredCriteria" item="criteria" separator="or" >
        <if test="criteria.valid" >
          <trim prefix="(" suffix=")" prefixOverrides="and" >
            <foreach collection="criteria.criteria" item="criterion" >
              <choose >
                <when test="criterion.noValue" >
                  and ${criterion.condition}
                </when>
                <when test="criterion.singleValue" >
                  and ${criterion.condition} #{criterion.value}
                </when>
                <when test="criterion.betweenValue" >
                  and ${criterion.condition} #{criterion.value} and #{criterion.secondValue}
                </when>
                <when test="criterion.listValue" >
                  and ${criterion.condition}
                  <foreach collection="criterion.value" item="listItem" open="(" close=")" separator="," >
                    #{listItem}
                  </foreach>
                </when>
              </choose>
            </foreach>
          </trim>
        </if>
      </foreach>
    </where>
  </sql>
  <sql id="Update_By_Example_Where_Clause" >
    <where >
      <foreach collection="example.oredCriteria" item="criteria" separator="or" >
        <if test="criteria.valid" >
          <trim prefix="(" suffix=")" prefixOverrides="and" >
            <foreach collection="criteria.criteria" item="criterion" >
              <choose >
                <when test="criterion.noValue" >
                  and ${criterion.condition}
                </when>
                <when test="criterion.singleValue" >
                  and ${criterion.condition} #{criterion.value}
                </when>
                <when test="criterion.betweenValue" >
                  and ${criterion.condition} #{criterion.value} and #{criterion.secondValue}
                </when>
                <when test="criterion.listValue" >
                  and ${criterion.condition}
                  <foreach collection="criterion.value" item="listItem" open="(" close=")" separator="," >
                    #{listItem}
                  </foreach>
                </when>
              </choose>
            </foreach>
          </trim>
        </if>
      </foreach>
    </where>
  </sql>
  <sql id="Base_Column_List" >
    id, device_name, device_no, device_status, device_price
  </sql>
  <select id="selectByExample" resultMap="BaseResultMap" parameterType="com.fwx.domain.DeviceExample" >
    select
    <if test="distinct" >
      distinct
    </if>
    <include refid="Base_Column_List" />
    from device
    <if test="_parameter != null" >
      <include refid="Example_Where_Clause" />
    </if>
    <if test="orderByClause != null" >
      order by ${orderByClause}
    </if>
  </select>
  <select id="selectByPrimaryKey" resultMap="BaseResultMap" parameterType="java.lang.String" >
    select 
    <include refid="Base_Column_List" />
    from device
    where id = #{id,jdbcType=CHAR}
  </select>
  <delete id="deleteByPrimaryKey" parameterType="java.lang.String" >
    delete from device
    where id = #{id,jdbcType=CHAR}
  </delete>
  <delete id="deleteByExample" parameterType="com.fwx.domain.DeviceExample" >
    delete from device
    <if test="_parameter != null" >
      <include refid="Example_Where_Clause" />
    </if>
  </delete>
  <insert id="insert" parameterType="com.fwx.domain.Device" >
    insert into device (id, device_name, device_no, 
      device_status, device_price)
    values (#{id,jdbcType=CHAR}, #{deviceName,jdbcType=CHAR}, #{deviceNo,jdbcType=CHAR}, 
      #{deviceStatus,jdbcType=CHAR}, #{devicePrice,jdbcType=INTEGER})
  </insert>
  <insert id="insertSelective" parameterType="com.fwx.domain.Device" >
    insert into device
    <trim prefix="(" suffix=")" suffixOverrides="," >
      <if test="id != null" >
        id,
      </if>
      <if test="deviceName != null" >
        device_name,
      </if>
      <if test="deviceNo != null" >
        device_no,
      </if>
      <if test="deviceStatus != null" >
        device_status,
      </if>
      <if test="devicePrice != null" >
        device_price,
      </if>
    </trim>
    <trim prefix="values (" suffix=")" suffixOverrides="," >
      <if test="id != null" >
        #{id,jdbcType=CHAR},
      </if>
      <if test="deviceName != null" >
        #{deviceName,jdbcType=CHAR},
      </if>
      <if test="deviceNo != null" >
        #{deviceNo,jdbcType=CHAR},
      </if>
      <if test="deviceStatus != null" >
        #{deviceStatus,jdbcType=CHAR},
      </if>
      <if test="devicePrice != null" >
        #{devicePrice,jdbcType=INTEGER},
      </if>
    </trim>
  </insert>
  <select id="countByExample" parameterType="com.fwx.domain.DeviceExample" resultType="java.lang.Integer" >
    select count(*) from device
    <if test="_parameter != null" >
      <include refid="Example_Where_Clause" />
    </if>
  </select>
  <update id="updateByExampleSelective" parameterType="map" >
    update device
    <set >
      <if test="record.id != null" >
        id = #{record.id,jdbcType=CHAR},
      </if>
      <if test="record.deviceName != null" >
        device_name = #{record.deviceName,jdbcType=CHAR},
      </if>
      <if test="record.deviceNo != null" >
        device_no = #{record.deviceNo,jdbcType=CHAR},
      </if>
      <if test="record.deviceStatus != null" >
        device_status = #{record.deviceStatus,jdbcType=CHAR},
      </if>
      <if test="record.devicePrice != null" >
        device_price = #{record.devicePrice,jdbcType=INTEGER},
      </if>
    </set>
    <if test="_parameter != null" >
      <include refid="Update_By_Example_Where_Clause" />
    </if>
  </update>
  <update id="updateByExample" parameterType="map" >
    update device
    set id = #{record.id,jdbcType=CHAR},
      device_name = #{record.deviceName,jdbcType=CHAR},
      device_no = #{record.deviceNo,jdbcType=CHAR},
      device_status = #{record.deviceStatus,jdbcType=CHAR},
      device_price = #{record.devicePrice,jdbcType=INTEGER}
    <if test="_parameter != null" >
      <include refid="Update_By_Example_Where_Clause" />
    </if>
  </update>
  <update id="updateByPrimaryKeySelective" parameterType="com.fwx.domain.Device" >
    update device
    <set >
      <if test="deviceName != null" >
        device_name = #{deviceName,jdbcType=CHAR},
      </if>
      <if test="deviceNo != null" >
        device_no = #{deviceNo,jdbcType=CHAR},
      </if>
      <if test="deviceStatus != null" >
        device_status = #{deviceStatus,jdbcType=CHAR},
      </if>
      <if test="devicePrice != null" >
        device_price = #{devicePrice,jdbcType=INTEGER},
      </if>
    </set>
    where id = #{id,jdbcType=CHAR}
  </update>
  <update id="updateByPrimaryKey" parameterType="com.fwx.domain.Device" >
    update device
    set device_name = #{deviceName,jdbcType=CHAR},
      device_no = #{deviceNo,jdbcType=CHAR},
      device_status = #{deviceStatus,jdbcType=CHAR},
      device_price = #{devicePrice,jdbcType=INTEGER}
    where id = #{id,jdbcType=CHAR}
  </update>
  <insert id="addDevice" parameterType="java.util.List">
	INSERT INTO device (id,device_name, device_no,device_status,device_price) VALUES
	<foreach collection="list" item="user" index="index" separator=","  >
	(#{user.id}, #{user.deviceName}, #{user.deviceNo}, #{user.deviceStatus}, #{user.devicePrice})
	</foreach>
 </insert>
 <select id="selDevice" resultMap="BaseResultMap">
	 SELECT
		*
	FROM
		device
	ORDER BY device_name
 </select>
</mapper>