<?xml version="1.0" encoding="UTF-8" ?>
<!DOCTYPE mapper PUBLIC "-//mybatis.org//DTD Mapper 3.0//EN" "http://mybatis.org/dtd/mybatis-3-mapper.dtd" >
<mapper namespace="com.fwx.dao.UserMapper" >
  <resultMap id="BaseResultMap" type="com.fwx.domain.User" >
    <id column="id" property="id" jdbcType="CHAR" />
    <result column="username" property="username" jdbcType="CHAR" />
  	<result column="password" property="password" jdbcType="CHAR" />
  	<result column="email" property="email" jdbcType="CHAR" />
  	<result column="phone" property="phone" jdbcType="CHAR" />
  	<result column="imgurl" property="imgurl" jdbcType="CHAR" />
  	<result column="delete_flag" property="deleteFlag" jdbcType="INTEGER" />
  </resultMap>

  <sql id="Base_Column_List" >
    id,
	password,
	username,
	email,
	phone,
	imgurl,
	delete_flag
  </sql>

   <!-- 登录 -->
  <select id="login" resultMap="BaseResultMap" parameterType="com.fwx.domain.User" >
   SELECT * FROM `user` where username= #{username,jdbcType=CHAR} and password=#{password,jdbcType=CHAR}
     </select>

</mapper>